code	sourceRow	languageCode	term	level	partOfSpeech	definition	example	clozeExample	pronunciation	pronunciationSecondary	tags	curriculumReferences	mediaReferences
en-76-cocoa	76	en	cocoa	basic	n	Fruit of the cacao tree, used to make chocolate.	This chocolate contains cocoa.	This chocolate contains c___.	ˈkoʊkoʊ	ˈkəʊkəʊ	cacao food free-vocabulary		_cocoa_beans.jpg
pt-76-cacau	76	pt	cacau	A2.2	n	Fruto do cacaueiro, base para a produção de chocolate.	Este chocolate contém cacau.	Este chocolate contém c___.	kɐˈkaw	kaˈkaw	cacao food sweets	pt::2A2	_cocoa_beans.jpg
en-75-fig	75	en	fig	basic	n	Fruit of the fig tree, with sweet flesh.	I bought the fig at the market.	I bought the f___ at the market.	ˈfɪɡ	ˈfɪɡ	food free-vocabulary fruit		_figs.jpg
pt-75-figo	75	pt	figo	A2.2	n	Fruto da figueira, com polpa doce.	Comprei o figo no mercado.	Comprei o f___ no mercado.	ˈfiɡu	ˈfiɡu	food fruit	pt::2A2::Livro-Maria-Da-Fonte	_figs.jpg
pt-73-bagos	73	pt	bagos	B1	n	Frutos pequenos e arredondados, como uvas ou grãos de cereais.	Comprei os bagos no mercado.	Comprei os b___ no mercado.	ˈbaɡuʃ	ˈbaɡus	berries food free-vocabulary	pt::B1	_bagos.jpg
pt-71-frutos-cristalizados	71	pt	frutos cristalizados	A2.2	n	Pedaços de fruta conservados em açúcar.	Comi frutos cristalizados no Natal.	Comi f___ c___ no Natal.	ˈfɾutuʃ kɾiʃtɐliˈzaduʃ	ˈfɾutus kɾistaliˈzadus	dried-fruit food	pt::2A2	_dried_fruits.jpg
pt-70-noz	70	pt	noz	A2.2	n	Fruto seco comestível de casca dura.	Comprei a noz no mercado.	Comprei a n___ no mercado.	ˈnɔʃ	ˈnɔʃ	food nuts	pt::2A2pt::2A2::livro-Cinco-minutos	_nuts.jpg
pt-69-casca	69	pt	casca	A2.2	n	Cobertura externa de frutas, árvores ou ovos.	Retirei a casca antes de comer a fruta.	Retirei a c___ antes de comer a fruta.	ˈkaʃkɐ	ˈkaskɐ	food fruit-parts	pt::2A2::livro-Cinco-minutos	_food_shells.jpg
en-65-almonds	65	en	almonds	basic	n	Edible seeds from the almond tree.	I bought the almonds at the market.	I bought the a___ at the market.	ˈɑməndz	ˈɑːməndz	food free-vocabulary nuts		_almonds.jpg
pt-65-amêndoa	65	pt	amêndoa	A2.1	n	Sementes comestíveis da amendoeira.	Comprei a amêndoa no mercado.	Comprei a a___ no mercado.	ɐˈmẽduɐ	ɐˈmẽduɐ	food nuts	pt::1A2	_almonds.jpg
en-64-dragon-fruit	64	en	dragon fruit	hard	n	A tropical fruit with a spiky exterior and sweet, fleshy interior.	I bought the dragon fruit at the market.	I bought the d___ f___ at the market.	ˈdɹæɡən ˈfɹut	ˈdræɡᵊn ˈfruːt	food free-vocabulary fruit tropical-fruit		_pitayas.jpg
pt-64-pitaia	64	pt	pitaia	A2.1	n	Fruta tropical também conhecida como fruta do dragão.	Comprei a pitaia no mercado.	Comprei a p___ no mercado.	piˈtajɐ	piˈtajɐ	food fruit tropical-fruit	pt::1A2	_pitayas.jpg
en-63-coconut	63	en	coconut	basic	n	A large, round seed of a tropical palm tree, containing white flesh and liquid.	I bought the coconut at the market.	I bought the c___ at the market.	ˈkoʊkəˌnət	ˈkəʊkənʌt	food free-vocabulary fruit tropical-fruit		_coconuts.jpg
pt-63-coco	63	pt	coco	A2.1	n	Fruto do coqueiro com polpa branca e água no interior.	Comprei o coco no mercado.	Comprei o c___ no mercado.	ˈkɔku	ˈkɔku	food fruit tropical-fruit	pt::1A2	_coconuts.jpg
en-60-passion-fruit	60	en	passion fruit	hard	n	An aromatic tropical fruit with seeds surrounded by tart pulp.	I bought the passion fruit at the market.	I bought the p___ f___ at the market.	ˈpæʃən ˈfɹut	ˈpæʃᵊn ˈfruːt	food free-vocabulary fruit tropical-fruit		_passion_fruit.jpg
en-59-lime	59	en	lime	basic	n	A small, green citrus fruit.	I bought the lime at the market.	I bought the l___ at the market.	ˈlaɪm	ˈlaɪm	citrus food free-vocabulary fruit		_limes.jpg
pt-59-lima	59	pt	lima	A2.1	n	Fruta cítrica menor e mais ácida que o limão.	Comprei a lima no mercado.	Comprei a l___ no mercado.	ˈlimɐ	ˈlimɐ	citrus food fruit	pt::1A2	_limes.jpg
en-58-clementine	58	en	clementine	basic	n	A small, sweet citrus fruit.	I bought the clementine at the market.	I bought the c___ at the market.	ˈklɛmənˌtin	ˈkleməntiːn	citrus food free-vocabulary fruit		_clementines.jpg
pt-58-clementina	58	pt	clementina	A2.1	n	Fruta cítrica pequena e doce.	Comprei a clementina no mercado.	Comprei a c___ no mercado.	klɨmẽˈtinɐ	klemẽˈtʃinɐ	citrus food fruit	pt::1A2	_clementines.jpg
pt-57-dióspiro	57	pt	dióspiro	A2.1	n	Fruto com polpa doce e textura macia.	Comprei o dióspiro no mercado.	Comprei o d___ no mercado.	diˈɔʃpiɾu	dʒiˈɔspiɾu	food fruit	pt::1A2	_persimmons.jpg
en-56-tomato	56	en	tomato	basic	n	An edible fruit commonly used as a vegetable in cooking.	I bought the tomato at the market.	I bought the t___ at the market.	təˈmeɪtoʊ	təˈmɑːtəʊ	food free-vocabulary fruit		_tomatoes.jpg
pt-56-tomate	56	pt	tomate	A2.1	n	Fruto comestível usado em saladas e cozinhados.	Comprei o tomate no mercado.	Comprei o t___ no mercado.	tuˈmatɨ	toˈmatʃi	food fruit	pt::2A2::U6-Achas-Estou-Em-Forma pt::1A2 pt::2A2	_tomatoes.jpg
pt-53-cacho	53	pt	cacho	basic	n	Conjunto de uvas, ou outras frutas, agrupadas e ligadas pelo mesmo ramo.	Comprei um cacho de uvas no mercado.	Comprei um c____ de uvas no mercado.	ˈkaʃu	ˈkaʃu	fruit food grapes	pt::B1	_cacho.jpg
en-52-blueberries	52	en	blueberries	basic	n	Small blue berries with a mildly sweet flavor; often eaten fresh or used in baked goods.	The tart blueberries balanced the sweetness of the pancakes.	The tart b___ balanced the sweetness of the pancakes.	ˈbluˌbɛriz	ˈbluːˌbᵊriz	berries food free-vocabulary fruit		_blueberries.jpg
pt-52-mirtilo	52	pt	mirtilo	A2.2	n	Baga azul-escura, pequena e doce.	Comprei o mirtilo no mercado.	Comprei o m___ no mercado.	miɾˈtilu	miʁˈtʃilu	berries food free-vocabulary fruit	pt::2A2	_blueberries.jpg
pt-51-airela	51	pt	airela	A2.1	n	Fruta pequena e vermelha usada em sobremesas e molhos.	Comprei a airela no mercado.	Comprei a a___ no mercado.	ɐjˈɾɛlɐ	ajˈɾɛlɐ	berries food fruit	pt::1A2	_cranberries.jpg
en-49-currant	49	en	currant	hard	n	A small berry that grows in clusters, often red or black.	I bought the currant at the market.	I bought the c___ at the market.	ˈkɜ˞ɹənt	ˈkʌrᵊnt	berries food free-vocabulary fruit		_currants.jpg
pt-49-groselha	49	pt	groselha	A2.1	n	Fruta pequena e vermelha usada em xaropes e sobremesas.	Comprei a groselha no mercado.	Comprei a g___ no mercado.	ɡɾuˈzɐʎɐ	ɡɾoˈzeʎɐ	berries food fruit	pt::1A2	_currants.jpg
pt-48-uva	48	pt	uva	A2.1	n	Fruta pequena e doce usada para consumo ou produção de vinho.	Comprei a uva no mercado.	Comprei a u___ no mercado.	ˈuvɐ	ˈuvɐ	food fruit	pt::1A2	_grapes.jpg
en-46-sunflower-seeds	46	en	sunflower seeds	basic	n	Edible seeds of the sunflower, often eaten roasted or raw.	I bought the sunflower seeds at the market.	I bought the s___ s___ at the market.	ˈsənˌflaʊə˞ ˈsidz	ˈsʌnˌflaʊə ˈsiːdz	food free-vocabulary seeds		_sunflower_seeds.jpg
pt-46-sementes-de-girassol	46	pt	sementes de girassol	A2.1	n	Sementes comestíveis extraídas do girassol.	Comprei as sementes de girassol no mercado.	Comprei as s___ d___ g___ no mercado.	sɨˈmẽtɨʒ dɨ ʒiɾɐˈsɔɫ	seˈmẽtes dʒi ʒiɾaˈsɔw	food seeds	pt::1A2	_sunflower_seeds.jpg
en-45-pomegranate	45	en	pomegranate	hard	n	A fruit with a tough outer skin and juicy, seed-filled arils.	I bought the pomegranate at the market.	I bought the p___ at the market.	ˈpɑməˌɡɹænət	ˈpɒmɪˌɡrænɪt	food free-vocabulary fruit		_pomegranate.jpg
pt-45-romã	45	pt	romã	A2.1	n	Fruta com sementes suculentas e sabor agridoce.	Comprei a romã no mercado.	Comprei a r___ no mercado.	ʁuˈmɐ̃	ʁoˈmɐ̃	food fruit	pt::1A2	_pomegranate.jpg
en-44-pistachio	44	en	pistachio	hard	n	Small green edible seed often used in cooking.	I bought the pistachio at the market.	I bought the p___ at the market.	pəˈstæʃioʊ	pɪˈstɑːʃɪˌəʊ	food free-vocabulary nuts		_pistachios.jpg
pt-44-pistácio	44	pt	pistácio	A2.1	n	Semente comestível usada em doces e salgados.	Comprei o pistácio no mercado.	Comprei o p___ no mercado.	piˈʃtasiu	pisˈtasiu	food nuts	pt::1A2	_pistachios.jpg
en-43-pine-nut	43	en	pine nut	hard	n	Edible seeds of pine trees.	I bought the pine nut at the market.	I bought the p___ n___ at the market.	ˈpaɪn ˈnət	ˈpaɪn ˈnʌt	food free-vocabulary nuts		_pine_nuts.jpg
pt-43-pinhão	43	pt	pinhão	A2.1	n	Semente comestível extraída de pinheiros.	Comprei o pinhão no mercado.	Comprei o p___ no mercado.	piˈɲɐ̃w̃	piˈɲɐ̃w̃	food nuts	pt::1A2	_pine_nuts.jpg
en-42-peach	42	en	peach	basic	n	A sweet, juicy fruit with fuzzy skin and a large central pit.	I bought the peach at the market.	I bought the p___ at the market.	ˈpitʃ	ˈpiːtʃ	food free-vocabulary fruit peaches		_peaches.jpg
pt-42-pêssego	42	pt	pêssego	A2.1	n	Fruta de casca aveludada e polpa doce.	Comprei o pêssego no mercado.	Comprei o p___ no mercado.	ˈpesɨɡu	ˈpeseɡu	food fruit peaches	pt::1A2	_peaches.jpg
en-41-pear	41	en	pear	basic	n	A sweet, juicy fruit with a rounded bottom and a tapering top.	I bought the pear at the market.	I bought the p___ at the market.	ˈpɛr	ˈpeə	food free-vocabulary fruit		_pears.jpg
pt-41-pera	41	pt	pera	A2.1	n	Fruta de formato alongado e polpa suculenta.	Comprei a pera no mercado.	Comprei a p___ no mercado.	ˈpeɾɐ	ˈpeɾɐ	food fruit	pt::1A2	_pears.jpg
pt-40-noz	40	pt	noz	A2.2	n	Fruto seco comestível de casca dura.	Comprei a noz no mercado.	Comprei a n___ no mercado.	ˈnɔʃ	ˈnɔʃ	food nuts	pt::1A2 pt::2A2::livro-Cinco-minutos	_nuts.jpg
en-39-loquat	39	en	loquat	hard	n	A small yellow or orange fruit with juicy flesh and one or more glossy dark-brown pits .	I bought this loquat at the market.	I bought this l___ at the market.	ˈloʊˌkwɑt	ˈləʊkwɒt	food free-vocabulary fruit		_loquat.jpg
pt-39-nêspera	39	pt	nêspera	A2.1	n	Fruto pequeno e amarelo, de polpa suculenta.	Comprei a nêspera no mercado.	Comprei a n___ no mercado.	ˈneʃpɨɾɐ	ˈnespeɾɐ	food fruit	pt::1A2	_loquat.jpg
en-38-nectarine	38	en	nectarine	basic	n	A smooth-skinned variety of peach.	I bought the nectarine at the market.	I bought the n___ at the market.	ˌnɛktə˞ˈɹin	ˈnektᵊriːn	food free-vocabulary fruit peaches		_nectarines.jpg
pt-38-nectarina	38	pt	nectarina	A2.1	n	Fruta semelhante ao pêssego, mas com casca lisa.	Comprei a nectarina no mercado.	Comprei a n___ no mercado.	nɨktɐˈɾinɐ	nektaˈɾinɐ	food fruit peaches	pt::1A2	_nectarines.jpg
en-37-melon	37	en	melon	basic	n	A large, juicy fruit with a hard rind and sweet flesh.	I bought the melon at the market.	I bought the m___ at the market.	ˈmɛlən	ˈmelən	food free-vocabulary fruit melons		_melons.jpg
pt-37-melão	37	pt	melão	A2.1	n	Fruta grande e doce de polpa suculenta.	Comprei o melão no mercado.	Comprei o m___ no mercado.	mɨˈlɐ̃w̃	meˈlɐ̃w̃	food fruit melons	pt::1A2	_melons.jpg
en-36-quince	36	en	quince	hard	n	A hard, yellow fruit with a strong fragrance, used in cooking or preserves.	I bought the quince at the market.	I bought the q___ at the market.	ˈkwɪns	ˈkwɪns	food free-vocabulary fruit		_quinces.jpg
pt-36-marmelo	36	pt	marmelo	A2.1	n	Fruta dura e ácida usada em doces e geleias.	Comprei o marmelo no mercado.	Comprei o m___ no mercado.	mɐɾˈmɛlu	maʁˈmɛlu	food fruit	pt::1A2	_quinces.jpg
en-35-mango	35	en	mango	basic	n	A tropical fruit with sweet, juicy flesh and a large central seed.	I bought the mango at the market.	I bought the m___ at the market.	ˈmæŋɡoʊ	ˈmæŋɡəʊ	food free-vocabulary fruit tropical-fruit		_mangoes.jpg
pt-35-manga	35	pt	manga	A2.1	n	Fruta tropical de casca fina e polpa doce.	Comprei a manga no mercado.	Comprei a m___ no mercado.	ˈmɐ̃ɡɐ	ˈmɐ̃ɡɐ	food fruit tropical-fruit	pt::1A2	_mangoes.jpg
en-33-raspberry	33	en	raspberry	hard	n	A small, sweet, red or black fruit made of tiny drupelets.	I bought the raspberry at the market.	I bought the r___ at the market.	ˈɹæzˌbɛri	ˈrɑːzbᵊri	berries food free-vocabulary fruit		_raspberries.jpg
pt-33-framboesa	33	pt	framboesa	A2.1	n	Fruta pequena e vermelha, usada em sobremesas.	Comprei a framboesa no mercado.	Comprei a f___ no mercado.	fɾɐ̃buˈezɐ	fɾɐ̃boˈezɐ	berries food fruit	pt::1A2	_raspberries.jpg
en-32-prickly-pear	32	en	prickly pear	hard	n	A fruit of the cactus plant with sweet, edible flesh.	I bought the prickly pear at the market.	I bought the p___ p___ at the market.	ˈpɹɪkli ˈpɛr	ˈprɪkᵊli ˈpeə	food free-vocabulary fruit		_prickly_pears.jpg
pt-32-figo-da-índia	32	pt	figo da índia	A2.1	n	Fruta espinhosa com polpa doce e sementes.	Comprei o figo da índia no mercado.	Comprei o f___ d___ í___ no mercado.	ˈfiɡu dɐ ˈĩdiɐ	ˈfiɡu dɐ ˈĩdʒiɐ	food fruit	pt::1A2	_prickly_pears.jpg
en-31-cherry	31	en	cherry	basic	n	A small, round fruit with a stone, typically red or black.	I bought the cherry at the market.	I bought the c___ at the market.	ˈtʃɛri	ˈtʃeri	berries food free-vocabulary fruit		_cherries.jpg
pt-31-cereja	31	pt	cereja	A2.1	n	Fruta pequena, doce e vermelha, geralmente usada em sobremesas.	Comprei a cereja no mercado.	Comprei a c___ no mercado.	sɨˈɾɐʒɐ	seˈɾeʒɐ	berries food fruit	pt::1A2	_cherries.jpg
pt-30-castanha	30	pt	castanha	A2.1	n	Semente comestível usada em pratos doces ou salgados.	Comprei a castanha no mercado.	Comprei a c___ no mercado.	kɐˈʃtɐɲɐ	kasˈtɐɲɐ	food nuts	pt::1A2	_chestnuts.jpg
en-29-persimmon	29	en	persimmon	hard	n	A sweet, orange fruit with a smooth skin and soft flesh.	I bought the persimmon at the market.	I bought the p___ at the market.	pə˞ˈsɪmən	pəˈsɪmən	food free-vocabulary fruit		_persimmons.jpg
en-28-cashew	28	en	cashew	hard	n	The edible, kidney-shaped seed attached to the cashew fruit.	I bought the cashew at the market.	I bought the c___ at the market.	ˈkæʃu	ˈkæʃuː	food free-vocabulary nuts		_cashews.jpg
pt-28-caju	28	pt	caju	A2.1	n	Fruto do cajueiro com polpa suculenta; a sua castanha também é comestível.	Comprei o caju no mercado.	Comprei o c___ no mercado.	kɐˈʒu	kaˈʒu	food fruit	pt::1A2	_cashews.jpg
en-27-hazelnut	27	en	hazelnut	hard	n	A round, brown nut with a hard shell, used in cooking and snacks.	I bought the hazelnut at the market.	I bought the h___ at the market.	ˈheɪzəlˌnət	ˈheɪzᵊlnʌt	food free-vocabulary nuts		_hazelnuts.jpg
pt-27-avelã	27	pt	avelã	A2.1	n	Semente pequena e redonda usada em doces e chocolates.	Comprei a avelã no mercado.	Comprei a a___ no mercado.	ɐvɨˈlɐ̃	aveˈlɐ̃	food nuts	pt::1A2	_hazelnuts.jpg
en-26-cranberry	26	en	cranberry	hard	n	A small, red, tart berry used in sauces, drinks, and desserts.	I bought the cranberry at the market.	I bought the c___ at the market.	ˈkɹænˌbɛri	ˈkrænbᵊri	berries food free-vocabulary fruit		_cranberries.jpg
pt-25-ananás	25	pt	ananás	A2.1	n	Fruto tropical de casca áspera e polpa doce e ácida; no Brasil, «abacaxi».	Comprei o ananás no mercado.	Comprei o a___ no mercado.	ɐnɐˈnaʃ	ɐnɐˈnas	food fruit tropical-fruit	pt::1A2	_pineapples.jpg
en-24-blackberry	24	en	blackberry	basic	n	A dark purple, juicy fruit that grows on thorny bushes.	I bought the blackberry at the market.	I bought the b___ at the market.	ˈblækˌbɛri	ˈblækbəri	berries food free-vocabulary fruit		_blackberries.jpg
pt-24-amora	24	pt	amora	A2.1	n	Pequena fruta preta ou vermelha, doce e suculenta.	Comprei a amora no mercado.	Comprei a a___ no mercado.	ɐˈmɔɾɐ	ɐˈmɔɾɐ	berries food fruit	pt::1A2	_blackberries.jpg
en-22-peanut	22	en	peanut	basic	n	A small, edible seed often roasted or used in butter.	I bought the peanut at the market.	I bought the p___ at the market.	ˈpiˌnət	ˈpiːnʌt	food free-vocabulary nuts		_peanuts.jpg
pt-22-amendoim	22	pt	amendoim	A2.1	n	Semente comestível de uma leguminosa, consumida crua ou torrada.	Comprei o amendoim no mercado.	Comprei o a___ no mercado.	ɐmẽˈdojm	ɐmẽˈdojm	food nuts	pt::1A2	_peanuts.jpg
en-21-apricot	21	en	apricot	basic	n	A small, soft fruit with orange skin and a stone in the middle.	I bought the apricot at the market.	I bought the a___ at the market.	ˈæpɹəˌkɑt	ˈeɪprɪkɒt	food free-vocabulary fruit peaches		_apricots.jpg
pt-21-alperce	21	pt	alperce	A2.1	n	Fruto pequeno de polpa doce e caroço; no Brasil, «damasco».	Comprei o alperce no mercado.	Comprei o a___ no mercado.	aɫˈpɛɾsɨ	awˈpɛʁsi	food fruit peaches	pt::1A2	_apricots.jpg
en-20-pineapple	20	en	pineapple	basic	n	A tropical fruit with spiky skin and sweet, yellow flesh (Brazil).	I bought the pineapple at the market.	I bought the p___ at the market.	ˈpaɪˌnæpəl	ˈpaɪnˌæpᵊl	food free-vocabulary fruit tropical-fruit		_pineapples.jpg
pt-20-abacaxi	20	pt	abacaxi	A2.1	n	No Brasil, fruto tropical de casca áspera e polpa doce e ácida; em Portugal, «ananás».	Comprei o abacaxi no mercado.	Comprei o a___ no mercado.	ɐbɐkɐˈksi	abakakˈsi	food fruit pt-br tropical-fruit	pt::1A2	_pineapples.jpg
en-19-nuts	19	en	nuts	basic	n	Edible dried fruit or nuts, depending on context.	I bought the nuts at the market.	I bought the n___ at the market.	ˈnəts	ˈnʌts	food free-vocabulary nuts		_nuts.jpg
pt-19-frutos-secos	19	pt	frutos secos	A2.1	n	Frutos desidratados ou sementes oleaginosas consumidos como alimento.	Comprei os frutos secos no mercado.	Comprei os f___ s___ no mercado.	ˈfɾutuʃ ˈsɛkuʃ	ˈfɾutus ˈsɛkus	dried-fruit food	pt::1A2	_dried_fruits.jpg
en-18-berries	18	en	berries	basic	n	Small, juicy, and often colorful fruits.	I bought the berries at the market.	I bought the b___ at the market.	ˈbɛriz	ˈberiz	berries food free-vocabulary fruit		_berries.jpg
pt-18-frutos-do-bosque	18	pt	frutos do bosque	A2.1	n	Frutas pequenas como framboesas, mirtilos e amoras, típicas de florestas.	Comprei os frutos do bosque no mercado.	Comprei os f___ d___ b___ no mercado.	ˈfɾutuʒ du ˈbɔskɨ	ˈfɾutus du ˈbɔski	berries food fruit	pt::1A2	_berries.jpg
en-17-watermelon	17	en	watermelon	basic	n	A large, juicy fruit with green rind and red flesh.	I bought the watermelon at the market.	I bought the w___ at the market.	ˈwɔtə˞ˌmɛlən	ˈwɔːtəˌmelən	food free-vocabulary fruit melons tropical-fruit		_watermelon.jpg
pt-17-melancia	17	pt	melancia	A2.1	n	Fruto grande e redondo com casca verde e polpa vermelha cheia de sementes.	Comprei a melancia no mercado.	Comprei a m___ no mercado.	mɨlɐ̃ˈsiɐ	melɐ̃ˈsiɐ	food fruit melons tropical-fruit	pt::1A2	_watermelon.jpg
pt-16-mamão	16	pt	mamão	A2.1	n	No Brasil, fruto tropical de polpa alaranjada chamado «papaia» em Portugal.	Comprei o mamão no mercado.	Comprei o m___ no mercado.	mɐˈmɐ̃w̃	mɐˈmɐ̃w̃	food fruit pt-br tropical-fruit	pt::1A2	_papayas.jpg
pt-15-meloa	15	pt	meloa	A2.1	n	Fruto redondo de casca fina e polpa doce, semelhante ao melão.	Comprei a meloa no mercado.	Comprei a m___ no mercado.	mɨˈloɐ	meˈloɐ	food fruit melons	pt::1A2	_melons.jpg
en-14-papaya	14	en	papaya	basic	n	A tropical fruit with sweet orange flesh.	I bought the papaya at the market.	I bought the p___ at the market.	pəˈpaɪə	pəˈpaɪə	food free-vocabulary fruit tropical-fruit		_papayas.jpg
pt-14-papaia	14	pt	papaia	A2.1	n	Fruto tropical de polpa laranja e sabor doce.	Comprei a papaia no mercado.	Comprei a p___ no mercado.	pɐˈpajɐ	paˈpajɐ	food fruit tropical-fruit	pt::1A2	_papayas.jpg
en-13-kiwi	13	en	kiwi	basic	n	A small, brown fruit with green flesh and tiny seeds.	I bought the kiwi at the market.	I bought the k___ at the market.	ˈkiˌwi	ˈkiːwiː	food free-vocabulary fruit		_kiwis.jpg
pt-13-quivi	13	pt	quivi	A2.1	n	Fruto pequeno de casca castanha e polpa verde ou amarela.	Comprei o kiwi no mercado.	Comprei o k___ no mercado.	kiˈvi	kiˈvi	food fruit	pt::1A2	_kiwis.jpg
en-12-avocado	12	en	avocado	basic	n	A fruit with a creamy texture and a large seed.	I bought the avocado at the market.	I bought the a___ at the market.	ˌɑvəˈkɑdoʊ	ˌævəˈkɑːdəʊ	food free-vocabulary fruit		_avocados.jpg
pt-12-abacate	12	pt	abacate	A2.1	n	Fruto de casca verde e polpa cremosa, usado em saladas e receitas doces.	Comprei o abacate no mercado.	Comprei o a___ no mercado.	ɐbɐˈkatɨ	abaˈkatʃi	food fruit	pt::1A2	_avocados.jpg
en-10-orange	10	en	orange	basic	n	A round, orange-colored citrus fruit.	I bought the orange at the market.	I bought the o___ at the market.	ˈɑrɪndʒ	ˈɒrɪndʒ	citrus food free-vocabulary fruit		_oranges.jpg
pt-10-laranja	10	pt	laranja	A2.1	n	Fruto cítrico de casca laranja e sabor doce ou levemente ácido.	Comprei a laranja no mercado.	Comprei a l___ no mercado.	lɐˈɾɐ̃ʒɐ	laˈɾɐ̃ʒɐ	citrus food fruit	pt::1A2	_oranges.jpg
en-9-grapes	9	en	grapes	basic	n	Small, round fruits often used to make wine.	I bought the grapes at the market.	I bought the g___ at the market.	ˈɡɹeɪps	ˈɡreɪps	food free-vocabulary fruit grapes		_grapes.jpg
pt-9-uvas	9	pt	uvas	A2.1	n	Pequenos frutos redondos e doces que crescem em cachos.	Comprei as uvas no mercado.	Comprei as u___ no mercado.	ˈuvɐʃ	ˈuvas	food fruit grapes	pt::1A2	_grapes.jpg
en-8-apple	8	en	apple	basic	n	A round fruit with a sweet taste and firm flesh.	I bought the apple at the market.	I bought the a___ at the market.	ˈæpəl	ˈæpᵊl	food free-vocabulary fruit		_apples.jpg
pt-8-maçã	8	pt	maçã	A2.1	n	Fruto doce, geralmente vermelho, verde ou amarelo.	Comprei a maçã no mercado.	Comprei a m___ no mercado.	mɐˈsɐ̃	maˈsɐ̃	food fruit	pt::1A2	_apples.jpg
en-7-lemon	7	en	lemon	basic	n	A sour yellow citrus fruit.	I bought the lemon at the market.	I bought the l___ at the market.	ˈlɛmən	ˈlemən	citrus food free-vocabulary fruit		_lemons.jpg
pt-7-limão	7	pt	limão	A2.1	n	Fruto cítrico de sabor ácido e cor amarela ou verde.	Comprei o limão no mercado.	Comprei o l___ no mercado.	liˈmɐ̃w̃	liˈmɐ̃w̃	citrus food fruit	pt::1A2	_lemons.jpg
en-6-banana	6	en	banana	basic	n	A long, yellow fruit with sweet, soft flesh.	I bought the banana at the market.	I bought the b___ at the market.	bəˈnænə	bəˈnɑːnə	food free-vocabulary fruit tropical-fruit		_bananas.jpg
pt-6-banana	6	pt	banana	A2.1	n	Fruta tropical alongada e de casca amarela quando madura.	Comprei a banana no mercado.	Comprei a b___ no mercado.	bɐˈnɐnɐ	bɐˈnɐnɐ	food fruit tropical-fruit	pt::1A2	_bananas.jpg
en-5-plum	5	en	plum	basic	n	A small, round fruit with a stone in the center.	I bought the plum at the market.	I bought the p___ at the market.	ˈpləm	ˈplʌm	food free-vocabulary fruit peaches		_plums.jpg
pt-5-ameixa	5	pt	ameixa	A2.1	n	Fruto doce de cor roxa, vermelha ou amarela, com caroço no interior.	Comprei a ameixa no mercado.	Comprei a a___ no mercado.	ɐˈmɐjʃɐ	ɐˈmejʃɐ	food fruit peaches	pt::1A2	_plums.jpg
en-4-strawberry	4	en	strawberry	basic	n	A small, red, sweet fruit with seeds on the surface.		I bought the s___ at the market.	ˈstɹɔˌbɛri	ˈstrɔːbᵊri	berries food free-vocabulary fruit		_strawberries.jpg
pt-4-morango	4	pt	morango	A2.1	n	Fruto vermelho, pequeno e doce, com sementes na superfície.	Comprei o morango no mercado.	Comprei o m___ no mercado.	muˈɾɐ̃ɡu	moˈɾɐ̃ɡu	berries food fruit	pt::1A2	_strawberries.jpg